[{"id": "H501N1", "fullname": "Álgebra Linear EI", "shortname": "AL"},
{"id": "H501N2", "fullname": "Cálculo", "shortname": "Calc"},
{"id": "H501N3", "fullname": "Tópicos de Matemática Discreta", "shortname": "TMD"},
{"id": "H501N4", "fullname": "Programação Funcional", "shortname": "PF"},
{"id": "H501N5", "fullname": "Elementos de Engenharia de Sistemas", "shortname": "EES"},
{"id": "H501N6", "fullname": "Laboratórios de Informática I", "shortname": "LI1"},
{"id": "H502N1", "fullname": "Sistemas de Computação", "shortname": "SC"},
{"id": "H502N2", "fullname": "Análise", "shortname": "ANALISE"},
{"id": "H502N3", "fullname": "Tópicos de Física Moderna", "shortname": "TFM"},
{"id": "H502N4", "fullname": "Lógica EI", "shortname": "Log"},
{"id": "H502N5", "fullname": "Programação Imperativa", "shortname": "PI"},
{"id": "H502N6", "fullname": "Laboratórios de Informática II", "shortname": "LI2"},
{"id": "H503N1", "fullname": "Introdução aos Sistemas Dinâmicos", "shortname": "ISD"},
{"id": "H503N2", "fullname": "Estatística Aplicada", "shortname": "EA"},
{"id": "H503N3", "fullname": "Engenharia Económica", "shortname": "EE"},
{"id": "H503N4", "fullname": "Arquitetura de Computadores", "shortname": "AC"},
{"id": "H503N5", "fullname": "Comunicação de Dados", "shortname": "CD"},
{"id": "H503N6", "fullname": "Algoritmos e Complexidade", "shortname": "ALG"},
{"id": "H504N1", "fullname": "Sistemas Operativos", "shortname": "SO"},
{"id": "H504N2", "fullname": "Programação Orientada aos Objetos", "shortname": "POO"},
{"id": "H504N3", "fullname": "Eletromagnetismo EE", "shortname": "EM"},
{"id": "H504N5", "fullname": "Cálculo de Programas", "shortname": "CP"},
{"id": "H504N6", "fullname": "Laboratórios de Informática III", "shortname": "LI3"},
{"id": "H505N1", "fullname": "Bases de Dados", "shortname": "BD"},
{"id": "H505N2", "fullname": "Desenvolvimento de Sistemas de Software", "shortname": "DSS"},
{"id": "H505N3", "fullname": "Modelos Determinísticos de Investigação Operacional", "shortname": "MDIO"},
{"id": "H505N4", "fullname": "Sistemas Distribuídos", "shortname": "SD"},
{"id": "H505N5", "fullname": "Redes de Computadores", "shortname": "RC"},
{"id": "H505N6", "fullname": "Métodos Numéricos e Otimização não Linear", "shortname": "MNOnL"},
{"id": "H506N1", "fullname": "Sistemas de Representação de Conhecimento e Raciocínio", "shortname": "SRCR"},
{"id": "H506N2", "fullname": "Computação Gráfica", "shortname": "CG"},
{"id": "H506N3", "fullname": "Modelos Estocásticos de Investigação Operacional", "shortname": "MEIO"},
{"id": "H506N4", "fullname": "Comunicações por Computador", "shortname": "CC"},
{"id": "H506N5", "fullname": "Processamento de Linguagens", "shortname": "PL"},
{"id": "H506N6", "fullname": "Laboratórios de Informática IV", "shortname": "LI4"},
{"id": "BI-UC1", "fullname": "Sistemas Operacionais", "shortname": "BI-UC1"},
{"id": "BI-UC2", "fullname": "Data Warehousing", "shortname": "BI-UC2"},
{"id": "BI-UC3", "fullname": "Processamento Analítico de Dados", "shortname": "BI-UC3"},
{"id": "BI-UC4", "fullname": "Análise de Dados", "shortname": "BI-UC4"},
{"id": "SDC-UC1", "fullname": "Criptografia e Segurança da Informação", "shortname": "SDC-UC1"},
{"id": "SDC-UC2", "fullname": "Paradigmas de Sistemas Distribuídos", "shortname": "SDC-UC2"},
{"id": "SDC-UC3", "fullname": "Segurança de Sistemas Informáticos", "shortname": "SDC-UC3"},
{"id": "SDC-UC4", "fullname": "Sistemas Distribuídos Confiáveis", "shortname": "SDC-UC4"},
{"id": "EA-UC1", "fullname": "Infraestruturas de Centro de Dados", "shortname": "EA-UC1"},
{"id": "EA-UC2", "fullname": "Administração de Base de Dados", "shortname": "EA-UC2"},
{"id": "EA-UC3", "fullname": "Arquiteturas Aplicacionais", "shortname": "EA-UC3"},
{"id": "EA-UC4", "fullname": "Sistemas Interativos", "shortname": "EA-UC4"},
{"id": "ESS-UC1", "fullname": "Engenharia de Requisitos", "shortname": "ESS-UC1"},
{"id": "ESS-UC2", "fullname": "Arquiteturas de Software", "shortname": "ESS-UC2"},
{"id": "ESS-UC3", "fullname": "Gestão do Processo de Software", "shortname": "ESS-UC3"},
{"id": "ESS-UC4", "fullname": "Engenharia Web", "shortname": "ESS-UC4"},
{"id": "CPD-UC1", "fullname": "Arquiteturas Avançadas", "shortname": "CPD-UC1"},
{"id": "CPD-UC2", "fullname": "Paradigmas de Computação Paralela", "shortname": "CPD-UC2"},
{"id": "CPD-UC3", "fullname": "Algoritmos Paralelos", "shortname": "CPD-UC3"},
{"id": "CPD-UC4", "fullname": "Engenharia dos Sistemas de Computação", "shortname": "CPD-UC4"},
{"id": "CG-UC1", "fullname": "Visualização e Iluminação I", "shortname": "CG-UC1"},
{"id": "CG-UC2", "fullname": "Visão por Computador", "shortname": "CG-UC2"},
{"id": "CG-UC3", "fullname": "Visualização e Iluminação II", "shortname": "CG-UC3"},
{"id": "CG-UC4", "fullname": "Tecnologias e Aplicações", "shortname": "CG-UC4"},
{"id": "ERS-UC1", "fullname": "Tecnologias e Protocolos de Rede", "shortname": "ERS-UC1"},
{"id": "ERS-UC2", "fullname": "Gestão de Redes", "shortname": "ERS-UC2"},
{"id": "ERS-UC3", "fullname": "Redes Multi Serviços", "shortname": "ERS-UC3"},
{"id": "ERS-UC4", "fullname": "Serviços e Sistemas Multimédia", "shortname": "ERS-UC4"},
{"id": "Bio-UC1", "fullname": "Algoritmos para Análise de Sequências Biológicas", "shortname": "Bio-UC1"},
{"id": "Bio-UC2", "fullname": "Laboratórios de Bioinformática", "shortname": "Bio-UC2"},
{"id": "Bio-UC3", "fullname": "Algoritmos Avançados de Bioinformática", "shortname": "Bio-UC3"},
{"id": "Bio-UC4", "fullname": "Extração de Conhecimento de Bases de Dados Biológicas", "shortname": "Bio-UC4"},
{"id": "SI-UC1", "fullname": "Agentes Inteligentes", "shortname": "SI-UC1"},
{"id": "SI-UC2", "fullname": "Aprendizaem e Extração de Conhecimento", "shortname": "SI-UC2"},
{"id": "SI-UC3", "fullname": "Computação Natural", "shortname": "SI-UC3"},
{"id": "SI-UC4", "fullname": "Sistemas Autónomos", "shortname": "SI-UC4"},
{"id": "MFES-UC1", "fullname": "Especificação e Modelação", "shortname": "MFES-UC1"},
{"id": "MFES-UC2", "fullname": "Análise e Teste de Software", "shortname": "MFES-UC2"},
{"id": "MFES-UC3", "fullname": "Arquitetura e Cálculo", "shortname": "MFES-UC3"},
{"id": "MFES-UC4", "fullname": "Verificaçao Formal", "shortname": "MFES-UC4"},
{"id": "PLC-UC1", "fullname": "Gramáticas na Compreensão de Software", "shortname": "PLC-UC1"},
{"id": "PLC-UC2", "fullname": "Processamento e Representação de Informação", "shortname": "PLC-UC2"},
{"id": "PLC-UC3", "fullname": "Scripting no Processamento de Linguagem Natural", "shortname": "PLC-UC3"},
{"id": "PLC-UC4", "fullname": "Processamento e Representação de Conhecimento", "shortname": "PLC-UC4"},
{"id": "MD", "fullname": "Mineração de Dados", "shortname": "MD"},
{"id": "VC", "fullname": "Visão por Computador", "shortname": "VC"},
{"id": "CP", "fullname": "Computação Paralela", "shortname": "CP"},
{"id": "SSI", "fullname": "Segurança de Sistemas Informáticos", "shortname": "SSI"},
{"id": "PDSJ", "fullname": "Processamento de Dados com Streams de Java", "shortname": "PDSJ"},
{"id": "AEBD", "fullname": "Administração e Exploração de Bases de Dados", "shortname": "AEBD"},
{"id": "ER", "fullname": "Engenharia de Requisitos", "shortname": "ER"},
{"id": "GR", "fullname": "Gestão de Redes", "shortname": "GR"},
{"id": "ATS", "fullname": "Análise e Teste de Software", "shortname": "ATS"},
{"id": "SPLN", "fullname": "Scripting no Processamento de Linguagem Natural", "shortname": "SPLN"},
{"id": "SDB", "fullname": "System Deployment and Benchmarking", "shortname": "SDB"},
{"id": "IATA", "fullname": "Inteligência Ambiente - Tecnologias e Aplicações", "shortname": "IATA"}
]
