[{"student_id":"A7001","name":"Doyle Weekly","email":"A7001@alunos.uminho.pt","gender":"Female","regimen":"student","password":"password"},
{"student_id":"A7002","name":"Torry Stadding","email":"A7002@alunos.uminho.pt","gender":"Female","regimen":"student","password":"password"},
{"student_id":"A7003","name":"Bird Gosnoll","email":"A7003@alunos.uminho.pt","gender":"Male","regimen":"student","password":"password"},
{"student_id":"A7004","name":"Barbra Fincken","email":"A7004@alunos.uminho.pt","gender":"Male","regimen":"workerstudent","password":"password"},
{"student_id":"A7005","name":"Rosa Heselwood","email":"A7005@alunos.uminho.pt","gender":"Male","regimen":"student","password":"password"},
{"student_id":"A7006","name":"Alexina McGinly","email":"A7006@alunos.uminho.pt","gender":"Female","regimen":"student","password":"password"},
{"student_id":"A7007","name":"Claude Molfino","email":"A7007@alunos.uminho.pt","gender":"Female","regimen":"workerstudent","password":"password"},
{"student_id":"A7008","name":"Rosa Waplington","email":"A7008@alunos.uminho.pt","gender":"Male","regimen":"student","password":"password"},
{"student_id":"A7009","name":"Teodora Audritt","email":"A7009@alunos.uminho.pt","gender":"Female","regimen":"student","password":"password"},
{"student_id":"A7010","name":"Gar Sisneros","email":"A7010@alunos.uminho.pt","gender":"Male","regimen":"student","password":"password"},
{"student_id":"A7011","name":"Athene Slograve","email":"A7011@alunos.uminho.pt","gender":"Male","regimen":"student","password":"password"},
{"student_id":"A7012","name":"Annabel Alenshev","email":"A7012@alunos.uminho.pt","gender":"Male","regimen":"student","password":"password"},
{"student_id":"A7013","name":"Rorke Paladini","email":"A7013@alunos.uminho.pt","gender":"Female","regimen":"student","password":"password"},
{"student_id":"A7014","name":"Esmaria Wooffinden","email":"A7014@alunos.uminho.pt","gender":"Female","regimen":"student","password":"password"},
{"student_id":"A7015","name":"Parsifal Barti","email":"A7015@alunos.uminho.pt","gender":"Female","regimen":"student","password":"password"},
{"student_id":"A7016","name":"Wernher Fryman","email":"A7016@alunos.uminho.pt","gender":"Female","regimen":"student","password":"password"},
{"student_id":"A7017","name":"Annnora Oehm","email":"A7017@alunos.uminho.pt","gender":"Female","regimen":"student","password":"password"},
{"student_id":"A7018","name":"Weylin Girhard","email":"A7018@alunos.uminho.pt","gender":"Male","regimen":"student","password":"password"},
{"student_id":"A7019","name":"Guendolen Wiper","email":"A7019@alunos.uminho.pt","gender":"Female","regimen":"workerstudent","password":"password"},
{"student_id":"A7020","name":"Rodney Astupenas","email":"A7020@alunos.uminho.pt","gender":"Male","regimen":"student","password":"password"},
{"student_id":"A7021","name":"Angeline Eakley","email":"A7021@alunos.uminho.pt","gender":"Male","regimen":"student","password":"password"},
{"student_id":"A7022","name":"Reese Bashford","email":"A7022@alunos.uminho.pt","gender":"Male","regimen":"student","password":"password"},
{"student_id":"A7023","name":"Margalo Kenninghan","email":"A7023@alunos.uminho.pt","gender":"Male","regimen":"student","password":"password"},
{"student_id":"A7024","name":"Mireille Bestar","email":"A7024@alunos.uminho.pt","gender":"Male","regimen":"student","password":"password"},
{"student_id":"A7025","name":"Christalle Bofield","email":"A7025@alunos.uminho.pt","gender":"Female","regimen":"student","password":"password"},
{"student_id":"A7026","name":"Luigi Bozward","email":"A7026@alunos.uminho.pt","gender":"Female","regimen":"student","password":"password"},
{"student_id":"A7027","name":"Kellia Hefferon","email":"A7027@alunos.uminho.pt","gender":"Male","regimen":"student","password":"password"},
{"student_id":"A7028","name":"Johnathan Presshaugh","email":"A7028@alunos.uminho.pt","gender":"Male","regimen":"student","password":"password"},
{"student_id":"A7029","name":"Jilli Kinnock","email":"A7029@alunos.uminho.pt","gender":"Male","regimen":"student","password":"password"},
{"student_id":"A7030","name":"Desiree Seagood","email":"A7030@alunos.uminho.pt","gender":"Female","regimen":"student","password":"password"},
{"student_id":"A7031","name":"Holmes Foyston","email":"A7031@alunos.uminho.pt","gender":"Male","regimen":"student","password":"password"},
{"student_id":"A7032","name":"Briggs Elcoat","email":"A7032@alunos.uminho.pt","gender":"Female","regimen":"student","password":"password"},
{"student_id":"A7033","name":"Shurlocke Gerrie","email":"A7033@alunos.uminho.pt","gender":"Male","regimen":"student","password":"password"},
{"student_id":"A7034","name":"Nettle Hastler","email":"A7034@alunos.uminho.pt","gender":"Male","regimen":"student","password":"password"},
{"student_id":"A7035","name":"Dorie Trow","email":"A7035@alunos.uminho.pt","gender":"Male","regimen":"student","password":"password"},
{"student_id":"A7036","name":"Trixi Smowton","email":"A7036@alunos.uminho.pt","gender":"Male","regimen":"student","password":"password"},
{"student_id":"A7037","name":"Colver Bulcock","email":"A7037@alunos.uminho.pt","gender":"Female","regimen":"student","password":"password"},
{"student_id":"A7038","name":"Pauli Bleasby","email":"A7038@alunos.uminho.pt","gender":"Female","regimen":"student","password":"password"},
{"student_id":"A7039","name":"Ferrel Fantone","email":"A7039@alunos.uminho.pt","gender":"Male","regimen":"student","password":"password"},
{"student_id":"A7040","name":"Gwenneth Feye","email":"A7040@alunos.uminho.pt","gender":"Female","regimen":"student","password":"password"},
{"student_id":"A7041","name":"Aguste Waind","email":"A7041@alunos.uminho.pt","gender":"Male","regimen":"student","password":"password"},
{"student_id":"A7042","name":"Phil MacGillivray","email":"A7042@alunos.uminho.pt","gender":"Male","regimen":"student","password":"password"},
{"student_id":"A7043","name":"Gerhard Crenshaw","email":"A7043@alunos.uminho.pt","gender":"Female","regimen":"student","password":"password"},
{"student_id":"A7044","name":"Lisette Catterall","email":"A7044@alunos.uminho.pt","gender":"Male","regimen":"student","password":"password"},
{"student_id":"A7045","name":"Herold Finders","email":"A7045@alunos.uminho.pt","gender":"Female","regimen":"student","password":"password"},
{"student_id":"A7046","name":"Sheila-kathryn Parmiter","email":"A7046@alunos.uminho.pt","gender":"Male","regimen":"student","password":"password"},
{"student_id":"A7047","name":"Mahalia Dunleavy","email":"A7047@alunos.uminho.pt","gender":"Male","regimen":"student","password":"password"},
{"student_id":"A7048","name":"Florida Commander","email":"A7048@alunos.uminho.pt","gender":"Female","regimen":"workerstudent","password":"password"},
{"student_id":"A7049","name":"Berthe Petrik","email":"A7049@alunos.uminho.pt","gender":"Female","regimen":"student","password":"password"},
{"student_id":"A7050","name":"Mellicent Praundlin","email":"A7050@alunos.uminho.pt","gender":"Female","regimen":"student","password":"password"},
{"student_id":"A7051","name":"Natalya Ferneyhough","email":"A7051@alunos.uminho.pt","gender":"Male","regimen":"student","password":"password"},
{"student_id":"A7052","name":"Constantine Mowbury","email":"A7052@alunos.uminho.pt","gender":"Female","regimen":"student","password":"password"},
{"student_id":"A7053","name":"Kahaleel Rattrie","email":"A7053@alunos.uminho.pt","gender":"Female","regimen":"student","password":"password"},
{"student_id":"A7054","name":"Thatcher Arrigucci","email":"A7054@alunos.uminho.pt","gender":"Female","regimen":"student","password":"password"},
{"student_id":"A7055","name":"Michelle Feuell","email":"A7055@alunos.uminho.pt","gender":"Male","regimen":"student","password":"password"},
{"student_id":"A7056","name":"Leese Barbie","email":"A7056@alunos.uminho.pt","gender":"Female","regimen":"student","password":"password"},
{"student_id":"A7057","name":"Land Winnett","email":"A7057@alunos.uminho.pt","gender":"Male","regimen":"student","password":"password"},
{"student_id":"A7058","name":"Jackie Fairebrother","email":"A7058@alunos.uminho.pt","gender":"Female","regimen":"student","password":"password"},
{"student_id":"A7059","name":"Kory Scarborough","email":"A7059@alunos.uminho.pt","gender":"Female","regimen":"student","password":"password"},
{"student_id":"A7060","name":"Nickie Sangwine","email":"A7060@alunos.uminho.pt","gender":"Female","regimen":"student","password":"password"},
{"student_id":"A7061","name":"Burton Villar","email":"A7061@alunos.uminho.pt","gender":"Female","regimen":"student","password":"password"},
{"student_id":"A7062","name":"Reidar Blaasch","email":"A7062@alunos.uminho.pt","gender":"Male","regimen":"student","password":"password"},
{"student_id":"A7063","name":"Torie Waiting","email":"A7063@alunos.uminho.pt","gender":"Female","regimen":"student","password":"password"},
{"student_id":"A7064","name":"Harwilll Cortes","email":"A7064@alunos.uminho.pt","gender":"Male","regimen":"student","password":"password"},
{"student_id":"A7065","name":"Britteny Kynaston","email":"A7065@alunos.uminho.pt","gender":"Female","regimen":"student","password":"password"},
{"student_id":"A7066","name":"Kalvin Eringey","email":"A7066@alunos.uminho.pt","gender":"Male","regimen":"student","password":"password"},
{"student_id":"A7067","name":"Karlee Turfus","email":"A7067@alunos.uminho.pt","gender":"Male","regimen":"workerstudent","password":"password"},
{"student_id":"A7068","name":"Guy Rubra","email":"A7068@alunos.uminho.pt","gender":"Female","regimen":"student","password":"password"},
{"student_id":"A7069","name":"Milissent Woollcott","email":"A7069@alunos.uminho.pt","gender":"Male","regimen":"student","password":"password"},
{"student_id":"A7070","name":"Delila Ludgate","email":"A7070@alunos.uminho.pt","gender":"Female","regimen":"student","password":"password"},
{"student_id":"A7071","name":"Erinn Dillamore","email":"A7071@alunos.uminho.pt","gender":"Female","regimen":"student","password":"password"},
{"student_id":"A7072","name":"Jerri Waddam","email":"A7072@alunos.uminho.pt","gender":"Male","regimen":"student","password":"password"},
{"student_id":"A7073","name":"Rickey Warbeys","email":"A7073@alunos.uminho.pt","gender":"Female","regimen":"student","password":"password"},
{"student_id":"A7074","name":"Rikki Stood","email":"A7074@alunos.uminho.pt","gender":"Male","regimen":"workerstudent","password":"password"},
{"student_id":"A7075","name":"Ree Rustadge","email":"A7075@alunos.uminho.pt","gender":"Female","regimen":"student","password":"password"},
{"student_id":"A7076","name":"Magdaia Pollins","email":"A7076@alunos.uminho.pt","gender":"Female","regimen":"student","password":"password"},
{"student_id":"A7077","name":"Stanton Galley","email":"A7077@alunos.uminho.pt","gender":"Male","regimen":"student","password":"password"},
{"student_id":"A7078","name":"Caria Danielut","email":"A7078@alunos.uminho.pt","gender":"Male","regimen":"student","password":"password"},
{"student_id":"A7079","name":"Laurens Goter","email":"A7079@alunos.uminho.pt","gender":"Female","regimen":"student","password":"password"},
{"student_id":"A7080","name":"Bette-ann Di Dello","email":"A7080@alunos.uminho.pt","gender":"Female","regimen":"student","password":"password"},
{"student_id":"A7081","name":"Batholomew Karlowicz","email":"A7081@alunos.uminho.pt","gender":"Female","regimen":"student","password":"password"},
{"student_id":"A7082","name":"Fee Aldersey","email":"A7082@alunos.uminho.pt","gender":"Male","regimen":"workerstudent","password":"password"},
{"student_id":"A7083","name":"Florry Keston","email":"A7083@alunos.uminho.pt","gender":"Male","regimen":"student","password":"password"},
{"student_id":"A7084","name":"Peri Deluca","email":"A7084@alunos.uminho.pt","gender":"Female","regimen":"student","password":"password"},
{"student_id":"A7085","name":"Minne Kordovani","email":"A7085@alunos.uminho.pt","gender":"Female","regimen":"student","password":"password"},
{"student_id":"A7086","name":"Norby Abrahim","email":"A7086@alunos.uminho.pt","gender":"Male","regimen":"student","password":"password"},
{"student_id":"A7087","name":"Antonella Agott","email":"A7087@alunos.uminho.pt","gender":"Female","regimen":"student","password":"password"},
{"student_id":"A7088","name":"Irvin Churms","email":"A7088@alunos.uminho.pt","gender":"Male","regimen":"student","password":"password"},
{"student_id":"A7089","name":"Rhiamon Bettenson","email":"A7089@alunos.uminho.pt","gender":"Male","regimen":"student","password":"password"},
{"student_id":"A7090","name":"Cacilia Delph","email":"A7090@alunos.uminho.pt","gender":"Female","regimen":"student","password":"password"},
{"student_id":"A7091","name":"Gael Gaspard","email":"A7091@alunos.uminho.pt","gender":"Female","regimen":"student","password":"password"},
{"student_id":"A7092","name":"Lorrin Sewall","email":"A7092@alunos.uminho.pt","gender":"Female","regimen":"student","password":"password"},
{"student_id":"A7093","name":"Gaile Ingray","email":"A7093@alunos.uminho.pt","gender":"Male","regimen":"student","password":"password"},
{"student_id":"A7094","name":"Peria Allston","email":"A7094@alunos.uminho.pt","gender":"Male","regimen":"student","password":"password"},
{"student_id":"A7095","name":"Taite Labarre","email":"A7095@alunos.uminho.pt","gender":"Female","regimen":"student","password":"password"},
{"student_id":"A7096","name":"Andreas Skokoe","email":"A7096@alunos.uminho.pt","gender":"Female","regimen":"student","password":"password"},
{"student_id":"A7097","name":"Lanae Knightsbridge","email":"A7097@alunos.uminho.pt","gender":"Female","regimen":"student","password":"password"},
{"student_id":"A7098","name":"Bradly Micco","email":"A7098@alunos.uminho.pt","gender":"Male","regimen":"student","password":"password"},
{"student_id":"A7099","name":"Debby Tabert","email":"A7099@alunos.uminho.pt","gender":"Female","regimen":"student","password":"password"},
{"student_id":"A7100","name":"Alyce Packington","email":"A7100@alunos.uminho.pt","gender":"Female","regimen":"student","password":"password"},
{"student_id":"A7101","name":"Maryl Carlsen","email":"A7101@alunos.uminho.pt","gender":"Female","regimen":"student","password":"password"},
{"student_id":"A7102","name":"Morgen Pellman","email":"A7102@alunos.uminho.pt","gender":"Female","regimen":"student","password":"password"},
{"student_id":"A7103","name":"Janeta Weddeburn","email":"A7103@alunos.uminho.pt","gender":"Male","regimen":"student","password":"password"},
{"student_id":"A7104","name":"Frayda Menauteau","email":"A7104@alunos.uminho.pt","gender":"Male","regimen":"student","password":"password"},
{"student_id":"A7105","name":"Aleda James","email":"A7105@alunos.uminho.pt","gender":"Female","regimen":"student","password":"password"},
{"student_id":"A7106","name":"Timofei Nealand","email":"A7106@alunos.uminho.pt","gender":"Male","regimen":"student","password":"password"},
{"student_id":"A7107","name":"Nata Pehrsson","email":"A7107@alunos.uminho.pt","gender":"Female","regimen":"student","password":"password"},
{"student_id":"A7108","name":"Gael Epelett","email":"A7108@alunos.uminho.pt","gender":"Female","regimen":"student","password":"password"},
{"student_id":"A7109","name":"Robin Trewhella","email":"A7109@alunos.uminho.pt","gender":"Female","regimen":"student","password":"password"},
{"student_id":"A7110","name":"Ariadne Langthorne","email":"A7110@alunos.uminho.pt","gender":"Male","regimen":"student","password":"password"},
{"student_id":"A7111","name":"Elke Calven","email":"A7111@alunos.uminho.pt","gender":"Female","regimen":"student","password":"password"},
{"student_id":"A7112","name":"Barnard Krop","email":"A7112@alunos.uminho.pt","gender":"Female","regimen":"student","password":"password"},
{"student_id":"A7113","name":"Ferris Jardin","email":"A7113@alunos.uminho.pt","gender":"Male","regimen":"student","password":"password"},
{"student_id":"A7114","name":"Barbara Davidson","email":"A7114@alunos.uminho.pt","gender":"Male","regimen":"student","password":"password"},
{"student_id":"A7115","name":"Sibilla Rudeforth","email":"A7115@alunos.uminho.pt","gender":"Female","regimen":"student","password":"password"},
{"student_id":"A7116","name":"Ninon McLennan","email":"A7116@alunos.uminho.pt","gender":"Female","regimen":"student","password":"password"},
{"student_id":"A7117","name":"Melony Bachnic","email":"A7117@alunos.uminho.pt","gender":"Female","regimen":"student","password":"password"},
{"student_id":"A7118","name":"Noni Witton","email":"A7118@alunos.uminho.pt","gender":"Female","regimen":"student","password":"password"},
{"student_id":"A7119","name":"Marion Blowes","email":"A7119@alunos.uminho.pt","gender":"Male","regimen":"student","password":"password"},
{"student_id":"A7120","name":"Maris O'Dunneen","email":"A7120@alunos.uminho.pt","gender":"Female","regimen":"student","password":"password"},
{"student_id":"A7121","name":"Ingelbert Brickett","email":"A7121@alunos.uminho.pt","gender":"Female","regimen":"student","password":"password"},
{"student_id":"A7122","name":"Danni Lambell","email":"A7122@alunos.uminho.pt","gender":"Male","regimen":"student","password":"password"},
{"student_id":"A7123","name":"Toddy Ledgley","email":"A7123@alunos.uminho.pt","gender":"Male","regimen":"student","password":"password"},
{"student_id":"A7124","name":"Virgie Legging","email":"A7124@alunos.uminho.pt","gender":"Female","regimen":"student","password":"password"},
{"student_id":"A7125","name":"Maxim Addie","email":"A7125@alunos.uminho.pt","gender":"Male","regimen":"student","password":"password"},
{"student_id":"A7126","name":"Lorena Lightowler","email":"A7126@alunos.uminho.pt","gender":"Female","regimen":"student","password":"password"},
{"student_id":"A7127","name":"Tito Pinckney","email":"A7127@alunos.uminho.pt","gender":"Male","regimen":"student","password":"password"},
{"student_id":"A7128","name":"Geoffrey Fulle","email":"A7128@alunos.uminho.pt","gender":"Female","regimen":"student","password":"password"},
{"student_id":"A7129","name":"Ilsa Tregensoe","email":"A7129@alunos.uminho.pt","gender":"Male","regimen":"student","password":"password"},
{"student_id":"A7130","name":"Noelyn Elgey","email":"A7130@alunos.uminho.pt","gender":"Female","regimen":"student","password":"password"},
{"student_id":"A7131","name":"Heddi Jacobs","email":"A7131@alunos.uminho.pt","gender":"Female","regimen":"student","password":"password"},
{"student_id":"A7132","name":"Krishnah Giacobo","email":"A7132@alunos.uminho.pt","gender":"Female","regimen":"student","password":"password"},
{"student_id":"A7133","name":"Thomas Casolla","email":"A7133@alunos.uminho.pt","gender":"Male","regimen":"student","password":"password"},
{"student_id":"A7134","name":"Lurlene Skettles","email":"A7134@alunos.uminho.pt","gender":"Male","regimen":"student","password":"password"},
{"student_id":"A7135","name":"Reinaldo McAlarney","email":"A7135@alunos.uminho.pt","gender":"Male","regimen":"student","password":"password"},
{"student_id":"A7136","name":"Elaina Boagey","email":"A7136@alunos.uminho.pt","gender":"Female","regimen":"student","password":"password"},
{"student_id":"A7137","name":"Linea Senechault","email":"A7137@alunos.uminho.pt","gender":"Female","regimen":"student","password":"password"},
{"student_id":"A7138","name":"Win Crosio","email":"A7138@alunos.uminho.pt","gender":"Male","regimen":"student","password":"password"},
{"student_id":"A7139","name":"Papagena Southway","email":"A7139@alunos.uminho.pt","gender":"Male","regimen":"student","password":"password"},
{"student_id":"A7140","name":"Filberto Tampion","email":"A7140@alunos.uminho.pt","gender":"Female","regimen":"workerstudent","password":"password"},
{"student_id":"A7141","name":"Dicky Sciusscietto","email":"A7141@alunos.uminho.pt","gender":"Male","regimen":"student","password":"password"},
{"student_id":"A7142","name":"Gregoor Marjanovic","email":"A7142@alunos.uminho.pt","gender":"Male","regimen":"workerstudent","password":"password"},
{"student_id":"A7143","name":"Diann Northwood","email":"A7143@alunos.uminho.pt","gender":"Male","regimen":"workerstudent","password":"password"},
{"student_id":"A7144","name":"Egor Wrankling","email":"A7144@alunos.uminho.pt","gender":"Male","regimen":"student","password":"password"},
{"student_id":"A7145","name":"Daria Greenrde","email":"A7145@alunos.uminho.pt","gender":"Male","regimen":"student","password":"password"},
{"student_id":"A7146","name":"Rivy Rizzillo","email":"A7146@alunos.uminho.pt","gender":"Male","regimen":"student","password":"password"},
{"student_id":"A7147","name":"Lissi Sullly","email":"A7147@alunos.uminho.pt","gender":"Male","regimen":"student","password":"password"},
{"student_id":"A7148","name":"Cyndia Huglin","email":"A7148@alunos.uminho.pt","gender":"Male","regimen":"student","password":"password"},
{"student_id":"A7149","name":"Daveen Rattery","email":"A7149@alunos.uminho.pt","gender":"Male","regimen":"student","password":"password"},
{"student_id":"A7150","name":"Jaime Seabright","email":"A7150@alunos.uminho.pt","gender":"Female","regimen":"student","password":"password"},
{"student_id":"A7151","name":"Caprice Bartle","email":"A7151@alunos.uminho.pt","gender":"Male","regimen":"student","password":"password"},
{"student_id":"A7152","name":"Shaun Michal","email":"A7152@alunos.uminho.pt","gender":"Male","regimen":"student","password":"password"},
{"student_id":"A7153","name":"Querida Phette","email":"A7153@alunos.uminho.pt","gender":"Male","regimen":"student","password":"password"},
{"student_id":"A7154","name":"Leonerd Anshell","email":"A7154@alunos.uminho.pt","gender":"Male","regimen":"student","password":"password"},
{"student_id":"A7155","name":"Roderic Adamovich","email":"A7155@alunos.uminho.pt","gender":"Male","regimen":"student","password":"password"},
{"student_id":"A7156","name":"Tonya Mudd","email":"A7156@alunos.uminho.pt","gender":"Female","regimen":"student","password":"password"},
{"student_id":"A7157","name":"Chrissy Tanti","email":"A7157@alunos.uminho.pt","gender":"Female","regimen":"workerstudent","password":"password"},
{"student_id":"A7158","name":"Mayor Studd","email":"A7158@alunos.uminho.pt","gender":"Male","regimen":"student","password":"password"},
{"student_id":"A7159","name":"Ryon Grimsey","email":"A7159@alunos.uminho.pt","gender":"Female","regimen":"student","password":"password"},
{"student_id":"A7160","name":"Waite Popplewell","email":"A7160@alunos.uminho.pt","gender":"Male","regimen":"student","password":"password"},
{"student_id":"A7161","name":"Tyson Shervil","email":"A7161@alunos.uminho.pt","gender":"Male","regimen":"student","password":"password"},
{"student_id":"A7162","name":"Paulie Lambertson","email":"A7162@alunos.uminho.pt","gender":"Male","regimen":"student","password":"password"},
{"student_id":"A7163","name":"Tamra Dytham","email":"A7163@alunos.uminho.pt","gender":"Female","regimen":"student","password":"password"},
{"student_id":"A7164","name":"Sallyann Smalecombe","email":"A7164@alunos.uminho.pt","gender":"Female","regimen":"student","password":"password"},
{"student_id":"A7165","name":"Lorene Connue","email":"A7165@alunos.uminho.pt","gender":"Female","regimen":"student","password":"password"},
{"student_id":"A7166","name":"My Vedeniktov","email":"A7166@alunos.uminho.pt","gender":"Female","regimen":"student","password":"password"},
{"student_id":"A7167","name":"Merrel Collocott","email":"A7167@alunos.uminho.pt","gender":"Female","regimen":"student","password":"password"},
{"student_id":"A7168","name":"Brander Ainscow","email":"A7168@alunos.uminho.pt","gender":"Female","regimen":"student","password":"password"},
{"student_id":"A7169","name":"Charlena Haselden","email":"A7169@alunos.uminho.pt","gender":"Female","regimen":"student","password":"password"},
{"student_id":"A7170","name":"Julius Farrar","email":"A7170@alunos.uminho.pt","gender":"Male","regimen":"student","password":"password"},
{"student_id":"A7171","name":"Romona A'Barrow","email":"A7171@alunos.uminho.pt","gender":"Male","regimen":"student","password":"password"},
{"student_id":"A7172","name":"Angelica Baxster","email":"A7172@alunos.uminho.pt","gender":"Male","regimen":"student","password":"password"},
{"student_id":"A7173","name":"Caria Masding","email":"A7173@alunos.uminho.pt","gender":"Male","regimen":"student","password":"password"},
{"student_id":"A7174","name":"Emmanuel Loseby","email":"A7174@alunos.uminho.pt","gender":"Male","regimen":"student","password":"password"},
{"student_id":"A7175","name":"Damara Breton","email":"A7175@alunos.uminho.pt","gender":"Male","regimen":"student","password":"password"},
{"student_id":"A7176","name":"Patrica Rosengren","email":"A7176@alunos.uminho.pt","gender":"Female","regimen":"student","password":"password"},
{"student_id":"A7177","name":"Tracee O'Garmen","email":"A7177@alunos.uminho.pt","gender":"Female","regimen":"student","password":"password"},
{"student_id":"A7178","name":"Steffi Hill","email":"A7178@alunos.uminho.pt","gender":"Female","regimen":"student","password":"password"},
{"student_id":"A7179","name":"Lezlie Landal","email":"A7179@alunos.uminho.pt","gender":"Female","regimen":"student","password":"password"},
{"student_id":"A7180","name":"Ludwig Rubinivitz","email":"A7180@alunos.uminho.pt","gender":"Male","regimen":"student","password":"password"},
{"student_id":"A7181","name":"Gunter Ashcroft","email":"A7181@alunos.uminho.pt","gender":"Male","regimen":"student","password":"password"},
{"student_id":"A7182","name":"Hewe Cadogan","email":"A7182@alunos.uminho.pt","gender":"Male","regimen":"student","password":"password"},
{"student_id":"A7183","name":"Willow Grolle","email":"A7183@alunos.uminho.pt","gender":"Female","regimen":"student","password":"password"},
{"student_id":"A7184","name":"Danita Farnfield","email":"A7184@alunos.uminho.pt","gender":"Female","regimen":"workerstudent","password":"password"},
{"student_id":"A7185","name":"Tomi Guinn","email":"A7185@alunos.uminho.pt","gender":"Male","regimen":"student","password":"password"},
{"student_id":"A7186","name":"Tedman Lewisham","email":"A7186@alunos.uminho.pt","gender":"Female","regimen":"student","password":"password"},
{"student_id":"A7187","name":"Maryjane Catchpole","email":"A7187@alunos.uminho.pt","gender":"Female","regimen":"student","password":"password"},
{"student_id":"A7188","name":"Tatiana Murkus","email":"A7188@alunos.uminho.pt","gender":"Female","regimen":"student","password":"password"},
{"student_id":"A7189","name":"Annamarie Bramham","email":"A7189@alunos.uminho.pt","gender":"Female","regimen":"student","password":"password"},
{"student_id":"A7190","name":"Flor O'Griffin","email":"A7190@alunos.uminho.pt","gender":"Male","regimen":"student","password":"password"},
{"student_id":"A7191","name":"Tremaine Alfonsetto","email":"A7191@alunos.uminho.pt","gender":"Male","regimen":"student","password":"password"},
{"student_id":"A7192","name":"Tally Weiss","email":"A7192@alunos.uminho.pt","gender":"Female","regimen":"student","password":"password"},
{"student_id":"A7193","name":"Mateo Greenhouse","email":"A7193@alunos.uminho.pt","gender":"Male","regimen":"student","password":"password"},
{"student_id":"A7194","name":"Geoffry Bootherstone","email":"A7194@alunos.uminho.pt","gender":"Female","regimen":"student","password":"password"},
{"student_id":"A7195","name":"Rosemarie Jewes","email":"A7195@alunos.uminho.pt","gender":"Female","regimen":"student","password":"password"},
{"student_id":"A7196","name":"Moishe Velti","email":"A7196@alunos.uminho.pt","gender":"Female","regimen":"student","password":"password"},
{"student_id":"A7197","name":"Darn Matzen","email":"A7197@alunos.uminho.pt","gender":"Male","regimen":"student","password":"password"},
{"student_id":"A7198","name":"Hi Barbe","email":"A7198@alunos.uminho.pt","gender":"Male","regimen":"student","password":"password"},
{"student_id":"A7199","name":"Tilly Nutting","email":"A7199@alunos.uminho.pt","gender":"Female","regimen":"student","password":"password"},
{"student_id":"A7200","name":"Worthington Bellie","email":"A7200@alunos.uminho.pt","gender":"Female","regimen":"workerstudent","password":"password"},
{"student_id":"A7201","name":"Sharla Perotti","email":"A7201@alunos.uminho.pt","gender":"Male","regimen":"student","password":"password"},
{"student_id":"A7202","name":"Tilly Noirel","email":"A7202@alunos.uminho.pt","gender":"Female","regimen":"student","password":"password"},
{"student_id":"A7203","name":"Murial Furniss","email":"A7203@alunos.uminho.pt","gender":"Male","regimen":"student","password":"password"},
{"student_id":"A7204","name":"Almeda Giral","email":"A7204@alunos.uminho.pt","gender":"Male","regimen":"student","password":"password"},
{"student_id":"A7205","name":"Clarinda Wansbury","email":"A7205@alunos.uminho.pt","gender":"Female","regimen":"workerstudent","password":"password"},
{"student_id":"A7206","name":"Nikita Davitti","email":"A7206@alunos.uminho.pt","gender":"Female","regimen":"student","password":"password"},
{"student_id":"A7207","name":"Dalli Fenemore","email":"A7207@alunos.uminho.pt","gender":"Female","regimen":"student","password":"password"},
{"student_id":"A7208","name":"Greg Suarez","email":"A7208@alunos.uminho.pt","gender":"Female","regimen":"student","password":"password"},
{"student_id":"A7209","name":"Diana Matthieson","email":"A7209@alunos.uminho.pt","gender":"Male","regimen":"student","password":"password"},
{"student_id":"A7210","name":"Scarface Fountaine","email":"A7210@alunos.uminho.pt","gender":"Female","regimen":"student","password":"password"},
{"student_id":"A7211","name":"Ashien Tamburi","email":"A7211@alunos.uminho.pt","gender":"Female","regimen":"student","password":"password"},
{"student_id":"A7212","name":"Vi Cyples","email":"A7212@alunos.uminho.pt","gender":"Female","regimen":"student","password":"password"},
{"student_id":"A7213","name":"Kelly Samwell","email":"A7213@alunos.uminho.pt","gender":"Male","regimen":"student","password":"password"},
{"student_id":"A7214","name":"Carole Warsop","email":"A7214@alunos.uminho.pt","gender":"Female","regimen":"student","password":"password"},
{"student_id":"A7215","name":"Sandy Bagenal","email":"A7215@alunos.uminho.pt","gender":"Female","regimen":"student","password":"password"},
{"student_id":"A7216","name":"Sascha Bartoli","email":"A7216@alunos.uminho.pt","gender":"Female","regimen":"student","password":"password"},
{"student_id":"A7217","name":"Kurtis Henryson","email":"A7217@alunos.uminho.pt","gender":"Female","regimen":"student","password":"password"},
{"student_id":"A7218","name":"Cleopatra Ransome","email":"A7218@alunos.uminho.pt","gender":"Male","regimen":"student","password":"password"},
{"student_id":"A7219","name":"Dermot Ramel","email":"A7219@alunos.uminho.pt","gender":"Female","regimen":"student","password":"password"},
{"student_id":"A7220","name":"Delinda Batstone","email":"A7220@alunos.uminho.pt","gender":"Female","regimen":"student","password":"password"},
{"student_id":"A7221","name":"Karlens Casoni","email":"A7221@alunos.uminho.pt","gender":"Female","regimen":"student","password":"password"},
{"student_id":"A7222","name":"Broddie Tant","email":"A7222@alunos.uminho.pt","gender":"Female","regimen":"student","password":"password"},
{"student_id":"A7223","name":"Doralia Petrov","email":"A7223@alunos.uminho.pt","gender":"Male","regimen":"student","password":"password"},
{"student_id":"A7224","name":"Jacquenette Bousquet","email":"A7224@alunos.uminho.pt","gender":"Male","regimen":"student","password":"password"},
{"student_id":"A7225","name":"Darsey Brenston","email":"A7225@alunos.uminho.pt","gender":"Male","regimen":"workerstudent","password":"password"},
{"student_id":"A7226","name":"Antone Weblin","email":"A7226@alunos.uminho.pt","gender":"Female","regimen":"student","password":"password"},
{"student_id":"A7227","name":"Rania McCandie","email":"A7227@alunos.uminho.pt","gender":"Male","regimen":"student","password":"password"},
{"student_id":"A7228","name":"Kurtis Brockington","email":"A7228@alunos.uminho.pt","gender":"Male","regimen":"student","password":"password"},
{"student_id":"A7229","name":"Christabella Saurat","email":"A7229@alunos.uminho.pt","gender":"Female","regimen":"workerstudent","password":"password"},
{"student_id":"A7230","name":"Madelle Veale","email":"A7230@alunos.uminho.pt","gender":"Female","regimen":"student","password":"password"},
{"student_id":"A7231","name":"Christoforo Nuzzi","email":"A7231@alunos.uminho.pt","gender":"Female","regimen":"workerstudent","password":"password"},
{"student_id":"A7232","name":"Richard Garwood","email":"A7232@alunos.uminho.pt","gender":"Male","regimen":"student","password":"password"},
{"student_id":"A7233","name":"Adrianne Samuel","email":"A7233@alunos.uminho.pt","gender":"Female","regimen":"student","password":"password"},
{"student_id":"A7234","name":"Sharron Le Estut","email":"A7234@alunos.uminho.pt","gender":"Female","regimen":"student","password":"password"},
{"student_id":"A7235","name":"Erda Elliot","email":"A7235@alunos.uminho.pt","gender":"Female","regimen":"student","password":"password"},
{"student_id":"A7236","name":"Cointon Shalcros","email":"A7236@alunos.uminho.pt","gender":"Female","regimen":"student","password":"password"},
{"student_id":"A7237","name":"Richardo Dobbs","email":"A7237@alunos.uminho.pt","gender":"Female","regimen":"student","password":"password"},
{"student_id":"A7238","name":"Anthe Varne","email":"A7238@alunos.uminho.pt","gender":"Male","regimen":"student","password":"password"},
{"student_id":"A7239","name":"Elianora Strowther","email":"A7239@alunos.uminho.pt","gender":"Male","regimen":"student","password":"password"},
{"student_id":"A7240","name":"Betty Wattingham","email":"A7240@alunos.uminho.pt","gender":"Female","regimen":"student","password":"password"},
{"student_id":"A7241","name":"Marget Glover","email":"A7241@alunos.uminho.pt","gender":"Male","regimen":"workerstudent","password":"password"},
{"student_id":"A7242","name":"Kassie Wastall","email":"A7242@alunos.uminho.pt","gender":"Female","regimen":"student","password":"password"},
{"student_id":"A7243","name":"Grayce Krzyzanowski","email":"A7243@alunos.uminho.pt","gender":"Male","regimen":"student","password":"password"},
{"student_id":"A7244","name":"Angele Caldow","email":"A7244@alunos.uminho.pt","gender":"Female","regimen":"student","password":"password"},
{"student_id":"A7245","name":"Reinwald Schneider","email":"A7245@alunos.uminho.pt","gender":"Female","regimen":"student","password":"password"},
{"student_id":"A7246","name":"Jdavie Borrows","email":"A7246@alunos.uminho.pt","gender":"Male","regimen":"student","password":"password"},
{"student_id":"A7247","name":"Roselle Earles","email":"A7247@alunos.uminho.pt","gender":"Female","regimen":"student","password":"password"},
{"student_id":"A7248","name":"Heinrick Ridgwell","email":"A7248@alunos.uminho.pt","gender":"Female","regimen":"student","password":"password"},
{"student_id":"A7249","name":"Bern Suerz","email":"A7249@alunos.uminho.pt","gender":"Female","regimen":"student","password":"password"},
{"student_id":"A7250","name":"Lanie Wiersma","email":"A7250@alunos.uminho.pt","gender":"Female","regimen":"workerstudent","password":"password"},
{"student_id":"A7251","name":"Chastity Eade","email":"A7251@alunos.uminho.pt","gender":"Male","regimen":"student","password":"password"},
{"student_id":"A7252","name":"Hall Bier","email":"A7252@alunos.uminho.pt","gender":"Male","regimen":"student","password":"password"},
{"student_id":"A7253","name":"Pincas Culpan","email":"A7253@alunos.uminho.pt","gender":"Male","regimen":"student","password":"password"},
{"student_id":"A7254","name":"Reinold Kerbler","email":"A7254@alunos.uminho.pt","gender":"Female","regimen":"student","password":"password"},
{"student_id":"A7255","name":"Ariana Sisnett","email":"A7255@alunos.uminho.pt","gender":"Female","regimen":"student","password":"password"},
{"student_id":"A7256","name":"Lyndell Sedgebeer","email":"A7256@alunos.uminho.pt","gender":"Female","regimen":"student","password":"password"},
{"student_id":"A7257","name":"Salvador Tambling","email":"A7257@alunos.uminho.pt","gender":"Female","regimen":"student","password":"password"},
{"student_id":"A7258","name":"Dela Swanger","email":"A7258@alunos.uminho.pt","gender":"Female","regimen":"student","password":"password"},
{"student_id":"A7259","name":"Lindi Leheude","email":"A7259@alunos.uminho.pt","gender":"Male","regimen":"student","password":"password"},
{"student_id":"A7260","name":"Coop Kneal","email":"A7260@alunos.uminho.pt","gender":"Male","regimen":"student","password":"password"},
{"student_id":"A7261","name":"Giorgi Niesel","email":"A7261@alunos.uminho.pt","gender":"Female","regimen":"student","password":"password"},
{"student_id":"A7262","name":"Lark Pyrah","email":"A7262@alunos.uminho.pt","gender":"Female","regimen":"workerstudent","password":"password"},
{"student_id":"A7263","name":"Derril Walaron","email":"A7263@alunos.uminho.pt","gender":"Male","regimen":"student","password":"password"},
{"student_id":"A7264","name":"Carilyn Veronique","email":"A7264@alunos.uminho.pt","gender":"Female","regimen":"student","password":"password"},
{"student_id":"A7265","name":"Salli Fanti","email":"A7265@alunos.uminho.pt","gender":"Male","regimen":"student","password":"password"},
{"student_id":"A7266","name":"Chickie Cowlard","email":"A7266@alunos.uminho.pt","gender":"Female","regimen":"student","password":"password"},
{"student_id":"A7267","name":"Alyce Remon","email":"A7267@alunos.uminho.pt","gender":"Male","regimen":"student","password":"password"},
{"student_id":"A7268","name":"Ellissa Branton","email":"A7268@alunos.uminho.pt","gender":"Male","regimen":"student","password":"password"},
{"student_id":"A7269","name":"Jay Pankhurst.","email":"A7269@alunos.uminho.pt","gender":"Female","regimen":"student","password":"password"},
{"student_id":"A7270","name":"Revkah Philpots","email":"A7270@alunos.uminho.pt","gender":"Male","regimen":"student","password":"password"},
{"student_id":"A7271","name":"Wells Blaase","email":"A7271@alunos.uminho.pt","gender":"Male","regimen":"student","password":"password"},
{"student_id":"A7272","name":"Rudy Morden","email":"A7272@alunos.uminho.pt","gender":"Male","regimen":"workerstudent","password":"password"},
{"student_id":"A7273","name":"Stoddard Dassindale","email":"A7273@alunos.uminho.pt","gender":"Male","regimen":"student","password":"password"},
{"student_id":"A7274","name":"Lou Enga","email":"A7274@alunos.uminho.pt","gender":"Male","regimen":"student","password":"password"},
{"student_id":"A7275","name":"Matias Connue","email":"A7275@alunos.uminho.pt","gender":"Male","regimen":"student","password":"password"},
{"student_id":"A7276","name":"Amitie Pratley","email":"A7276@alunos.uminho.pt","gender":"Male","regimen":"student","password":"password"},
{"student_id":"A7277","name":"Rip Gamlin","email":"A7277@alunos.uminho.pt","gender":"Female","regimen":"workerstudent","password":"password"},
{"student_id":"A7278","name":"Julie Gemlett","email":"A7278@alunos.uminho.pt","gender":"Male","regimen":"student","password":"password"},
{"student_id":"A7279","name":"Flori Savell","email":"A7279@alunos.uminho.pt","gender":"Male","regimen":"student","password":"password"},
{"student_id":"A7280","name":"Isidro Halligan","email":"A7280@alunos.uminho.pt","gender":"Female","regimen":"student","password":"password"},
{"student_id":"A7281","name":"Ailene Lambeth","email":"A7281@alunos.uminho.pt","gender":"Female","regimen":"student","password":"password"},
{"student_id":"A7282","name":"Niall Butler-Bowdon","email":"A7282@alunos.uminho.pt","gender":"Male","regimen":"student","password":"password"},
{"student_id":"A7283","name":"Gerrie Crowson","email":"A7283@alunos.uminho.pt","gender":"Male","regimen":"student","password":"password"},
{"student_id":"A7284","name":"Trumaine Voase","email":"A7284@alunos.uminho.pt","gender":"Male","regimen":"student","password":"password"},
{"student_id":"A7285","name":"Lilyan Capps","email":"A7285@alunos.uminho.pt","gender":"Female","regimen":"student","password":"password"},
{"student_id":"A7286","name":"Desdemona Aizik","email":"A7286@alunos.uminho.pt","gender":"Female","regimen":"student","password":"password"},
{"student_id":"A7287","name":"Jessie Drinkwater","email":"A7287@alunos.uminho.pt","gender":"Male","regimen":"student","password":"password"},
{"student_id":"A7288","name":"Mohandis Hutchcraft","email":"A7288@alunos.uminho.pt","gender":"Female","regimen":"student","password":"password"},
{"student_id":"A7289","name":"Augy August","email":"A7289@alunos.uminho.pt","gender":"Male","regimen":"student","password":"password"},
{"student_id":"A7290","name":"Melba Kubal","email":"A7290@alunos.uminho.pt","gender":"Female","regimen":"student","password":"password"},
{"student_id":"A7291","name":"Seka Brittoner","email":"A7291@alunos.uminho.pt","gender":"Female","regimen":"student","password":"password"},
{"student_id":"A7292","name":"Fionnula Joinsey","email":"A7292@alunos.uminho.pt","gender":"Male","regimen":"student","password":"password"},
{"student_id":"A7293","name":"Othella Haseman","email":"A7293@alunos.uminho.pt","gender":"Female","regimen":"student","password":"password"},
{"student_id":"A7294","name":"Camey MacVicar","email":"A7294@alunos.uminho.pt","gender":"Female","regimen":"student","password":"password"},
{"student_id":"A7295","name":"Tomi Weson","email":"A7295@alunos.uminho.pt","gender":"Male","regimen":"student","password":"password"},
{"student_id":"A7296","name":"Clemente Cockland","email":"A7296@alunos.uminho.pt","gender":"Female","regimen":"student","password":"password"},
{"student_id":"A7297","name":"Swen Riding","email":"A7297@alunos.uminho.pt","gender":"Female","regimen":"student","password":"password"},
{"student_id":"A7298","name":"Tasha Flaherty","email":"A7298@alunos.uminho.pt","gender":"Male","regimen":"student","password":"password"},
{"student_id":"A7299","name":"Cassie Oakman","email":"A7299@alunos.uminho.pt","gender":"Female","regimen":"student","password":"password"},
{"student_id":"A7300","name":"Maurene Jeger","email":"A7300@alunos.uminho.pt","gender":"Female","regimen":"student","password":"password"},
{"student_id":"A7301","name":"Hercule Paulsen","email":"A7301@alunos.uminho.pt","gender":"Female","regimen":"student","password":"password"},
{"student_id":"A7302","name":"Aarika Genney","email":"A7302@alunos.uminho.pt","gender":"Male","regimen":"student","password":"password"},
{"student_id":"A7303","name":"Nealson Blackly","email":"A7303@alunos.uminho.pt","gender":"Male","regimen":"student","password":"password"},
{"student_id":"A7304","name":"Mohandas Wharf","email":"A7304@alunos.uminho.pt","gender":"Female","regimen":"student","password":"password"},
{"student_id":"A7305","name":"Catharina Abramamov","email":"A7305@alunos.uminho.pt","gender":"Male","regimen":"student","password":"password"},
{"student_id":"A7306","name":"Jarib Hempel","email":"A7306@alunos.uminho.pt","gender":"Female","regimen":"student","password":"password"},
{"student_id":"A7307","name":"Carin Lyddyard","email":"A7307@alunos.uminho.pt","gender":"Female","regimen":"student","password":"password"},
{"student_id":"A7308","name":"Nesta Dumini","email":"A7308@alunos.uminho.pt","gender":"Female","regimen":"student","password":"password"},
{"student_id":"A7309","name":"Rosella Machel","email":"A7309@alunos.uminho.pt","gender":"Female","regimen":"student","password":"password"},
{"student_id":"A7310","name":"Clara Thomerson","email":"A7310@alunos.uminho.pt","gender":"Female","regimen":"student","password":"password"},
{"student_id":"A7311","name":"Ambur Waylen","email":"A7311@alunos.uminho.pt","gender":"Female","regimen":"student","password":"password"},
{"student_id":"A7312","name":"Cissy Klosa","email":"A7312@alunos.uminho.pt","gender":"Female","regimen":"student","password":"password"},
{"student_id":"A7313","name":"Johnnie Rumsby","email":"A7313@alunos.uminho.pt","gender":"Female","regimen":"student","password":"password"},
{"student_id":"A7314","name":"Costanza MacCracken","email":"A7314@alunos.uminho.pt","gender":"Male","regimen":"student","password":"password"},
{"student_id":"A7315","name":"Dyanne Gaenor","email":"A7315@alunos.uminho.pt","gender":"Male","regimen":"student","password":"password"},
{"student_id":"A7316","name":"Gayelord Brelsford","email":"A7316@alunos.uminho.pt","gender":"Female","regimen":"workerstudent","password":"password"},
{"student_id":"A7317","name":"Gelya Guichard","email":"A7317@alunos.uminho.pt","gender":"Female","regimen":"student","password":"password"},
{"student_id":"A7318","name":"Ber Windress","email":"A7318@alunos.uminho.pt","gender":"Male","regimen":"student","password":"password"},
{"student_id":"A7319","name":"Ignacius Kirkbride","email":"A7319@alunos.uminho.pt","gender":"Male","regimen":"student","password":"password"},
{"student_id":"A7320","name":"Eduard Ralton","email":"A7320@alunos.uminho.pt","gender":"Female","regimen":"student","password":"password"},
{"student_id":"A7321","name":"Sanson Toffetto","email":"A7321@alunos.uminho.pt","gender":"Female","regimen":"workerstudent","password":"password"},
{"student_id":"A7322","name":"Farly Ellwood","email":"A7322@alunos.uminho.pt","gender":"Female","regimen":"student","password":"password"},
{"student_id":"A7323","name":"Agata Acock","email":"A7323@alunos.uminho.pt","gender":"Female","regimen":"student","password":"password"},
{"student_id":"A7324","name":"Nerita Gilbert","email":"A7324@alunos.uminho.pt","gender":"Male","regimen":"student","password":"password"},
{"student_id":"A7325","name":"Elton Maddams","email":"A7325@alunos.uminho.pt","gender":"Female","regimen":"student","password":"password"},
{"student_id":"A7326","name":"Belita Volker","email":"A7326@alunos.uminho.pt","gender":"Male","regimen":"student","password":"password"},
{"student_id":"A7327","name":"Guthrey Filov","email":"A7327@alunos.uminho.pt","gender":"Male","regimen":"student","password":"password"},
{"student_id":"A7328","name":"Port Capeloff","email":"A7328@alunos.uminho.pt","gender":"Male","regimen":"student","password":"password"},
{"student_id":"A7329","name":"Sonni Straker","email":"A7329@alunos.uminho.pt","gender":"Male","regimen":"student","password":"password"},
{"student_id":"A7330","name":"Lorianne Mager","email":"A7330@alunos.uminho.pt","gender":"Female","regimen":"student","password":"password"},
{"student_id":"A7331","name":"Roxanne Staning","email":"A7331@alunos.uminho.pt","gender":"Female","regimen":"student","password":"password"},
{"student_id":"A7332","name":"Bruce Rosso","email":"A7332@alunos.uminho.pt","gender":"Male","regimen":"student","password":"password"},
{"student_id":"A7333","name":"Gelya Studde","email":"A7333@alunos.uminho.pt","gender":"Female","regimen":"student","password":"password"},
{"student_id":"A7334","name":"Shani Santos","email":"A7334@alunos.uminho.pt","gender":"Female","regimen":"student","password":"password"},
{"student_id":"A7335","name":"Portie Feighry","email":"A7335@alunos.uminho.pt","gender":"Female","regimen":"student","password":"password"},
{"student_id":"A7336","name":"Andria Dykes","email":"A7336@alunos.uminho.pt","gender":"Male","regimen":"student","password":"password"},
{"student_id":"A7337","name":"Duncan Willerson","email":"A7337@alunos.uminho.pt","gender":"Male","regimen":"student","password":"password"},
{"student_id":"A7338","name":"Allison McFayden","email":"A7338@alunos.uminho.pt","gender":"Male","regimen":"student","password":"password"},
{"student_id":"A7339","name":"Isidro Mandel","email":"A7339@alunos.uminho.pt","gender":"Male","regimen":"student","password":"password"},
{"student_id":"A7340","name":"Nannie Audiss","email":"A7340@alunos.uminho.pt","gender":"Female","regimen":"student","password":"password"},
{"student_id":"A7341","name":"Edin Eliasson","email":"A7341@alunos.uminho.pt","gender":"Female","regimen":"student","password":"password"},
{"student_id":"A7342","name":"Geoffrey Targe","email":"A7342@alunos.uminho.pt","gender":"Female","regimen":"student","password":"password"},
{"student_id":"A7343","name":"Lucila Corriea","email":"A7343@alunos.uminho.pt","gender":"Male","regimen":"student","password":"password"},
{"student_id":"A7344","name":"Lotta Wardrope","email":"A7344@alunos.uminho.pt","gender":"Female","regimen":"student","password":"password"},
{"student_id":"A7345","name":"Nike Cahn","email":"A7345@alunos.uminho.pt","gender":"Female","regimen":"student","password":"password"},
{"student_id":"A7346","name":"Olive Lippett","email":"A7346@alunos.uminho.pt","gender":"Female","regimen":"student","password":"password"},
{"student_id":"A7347","name":"Hi Cochet","email":"A7347@alunos.uminho.pt","gender":"Male","regimen":"student","password":"password"},
{"student_id":"A7348","name":"Nicola Royle","email":"A7348@alunos.uminho.pt","gender":"Female","regimen":"student","password":"password"},
{"student_id":"A7349","name":"Nelly Darridon","email":"A7349@alunos.uminho.pt","gender":"Female","regimen":"student","password":"password"},
{"student_id":"A7350","name":"Gabriela Chaffey","email":"A7350@alunos.uminho.pt","gender":"Male","regimen":"student","password":"password"},
{"student_id":"A7351","name":"Shanda Coenraets","email":"A7351@alunos.uminho.pt","gender":"Male","regimen":"workerstudent","password":"password"},
{"student_id":"A7352","name":"Trey Latch","email":"A7352@alunos.uminho.pt","gender":"Female","regimen":"student","password":"password"},
{"student_id":"A7353","name":"Trish Scurrer","email":"A7353@alunos.uminho.pt","gender":"Male","regimen":"student","password":"password"},
{"student_id":"A7354","name":"Kandace Kemwall","email":"A7354@alunos.uminho.pt","gender":"Female","regimen":"student","password":"password"},
{"student_id":"A7355","name":"Myranda Crosfield","email":"A7355@alunos.uminho.pt","gender":"Female","regimen":"student","password":"password"},
{"student_id":"A7356","name":"Vail Romanetti","email":"A7356@alunos.uminho.pt","gender":"Male","regimen":"student","password":"password"},
{"student_id":"A7357","name":"Mattias Tuer","email":"A7357@alunos.uminho.pt","gender":"Female","regimen":"student","password":"password"},
{"student_id":"A7358","name":"Gwyneth Donnel","email":"A7358@alunos.uminho.pt","gender":"Female","regimen":"student","password":"password"},
{"student_id":"A7359","name":"Fiorenze Setterington","email":"A7359@alunos.uminho.pt","gender":"Female","regimen":"student","password":"password"},
{"student_id":"A7360","name":"Heddi Nissle","email":"A7360@alunos.uminho.pt","gender":"Male","regimen":"student","password":"password"},
{"student_id":"A7361","name":"Dorrie Jenckes","email":"A7361@alunos.uminho.pt","gender":"Male","regimen":"student","password":"password"},
{"student_id":"A7362","name":"Kelci Fawcett","email":"A7362@alunos.uminho.pt","gender":"Female","regimen":"student","password":"password"},
{"student_id":"A7363","name":"Fleming Kirkebye","email":"A7363@alunos.uminho.pt","gender":"Female","regimen":"student","password":"password"},
{"student_id":"A7364","name":"Cassandry Will","email":"A7364@alunos.uminho.pt","gender":"Female","regimen":"student","password":"password"},
{"student_id":"A7365","name":"Hanna Hovert","email":"A7365@alunos.uminho.pt","gender":"Male","regimen":"workerstudent","password":"password"},
{"student_id":"A7366","name":"Nappy O' Donohue","email":"A7366@alunos.uminho.pt","gender":"Male","regimen":"student","password":"password"},
{"student_id":"A7367","name":"Dermot Lissett","email":"A7367@alunos.uminho.pt","gender":"Female","regimen":"student","password":"password"},
{"student_id":"A7368","name":"Hattie Trask","email":"A7368@alunos.uminho.pt","gender":"Male","regimen":"student","password":"password"},
{"student_id":"A7369","name":"Johan Ewen","email":"A7369@alunos.uminho.pt","gender":"Female","regimen":"student","password":"password"},
{"student_id":"A7370","name":"Hurlee Pounds","email":"A7370@alunos.uminho.pt","gender":"Female","regimen":"student","password":"password"},
{"student_id":"A7371","name":"Shell Ecclesall","email":"A7371@alunos.uminho.pt","gender":"Male","regimen":"student","password":"password"},
{"student_id":"A7372","name":"Romeo Forbear","email":"A7372@alunos.uminho.pt","gender":"Female","regimen":"student","password":"password"},
{"student_id":"A7373","name":"Trixi Mullinger","email":"A7373@alunos.uminho.pt","gender":"Male","regimen":"student","password":"password"},
{"student_id":"A7374","name":"Keith Asher","email":"A7374@alunos.uminho.pt","gender":"Female","regimen":"student","password":"password"},
{"student_id":"A7375","name":"Fallon Gethyn","email":"A7375@alunos.uminho.pt","gender":"Male","regimen":"student","password":"password"},
{"student_id":"A7376","name":"Celestyna Seawell","email":"A7376@alunos.uminho.pt","gender":"Female","regimen":"student","password":"password"},
{"student_id":"A7377","name":"Rowe Calderhead","email":"A7377@alunos.uminho.pt","gender":"Male","regimen":"student","password":"password"},
{"student_id":"A7378","name":"Gertie Collumbell","email":"A7378@alunos.uminho.pt","gender":"Female","regimen":"student","password":"password"},
{"student_id":"A7379","name":"Ingra Donovan","email":"A7379@alunos.uminho.pt","gender":"Male","regimen":"student","password":"password"},
{"student_id":"A7380","name":"Maximilian Moxsom","email":"A7380@alunos.uminho.pt","gender":"Female","regimen":"student","password":"password"},
{"student_id":"A7381","name":"Thia Dellenty","email":"A7381@alunos.uminho.pt","gender":"Female","regimen":"student","password":"password"},
{"student_id":"A7382","name":"Danila Mashro","email":"A7382@alunos.uminho.pt","gender":"Male","regimen":"student","password":"password"},
{"student_id":"A7383","name":"Blinni Blomfield","email":"A7383@alunos.uminho.pt","gender":"Female","regimen":"student","password":"password"},
{"student_id":"A7384","name":"Vincents Cuttell","email":"A7384@alunos.uminho.pt","gender":"Female","regimen":"student","password":"password"},
{"student_id":"A7385","name":"Archaimbaud Clemits","email":"A7385@alunos.uminho.pt","gender":"Male","regimen":"student","password":"password"},
{"student_id":"A7386","name":"Ferguson Greenhalgh","email":"A7386@alunos.uminho.pt","gender":"Female","regimen":"student","password":"password"},
{"student_id":"A7387","name":"Denyse Hartland","email":"A7387@alunos.uminho.pt","gender":"Female","regimen":"student","password":"password"},
{"student_id":"A7388","name":"Karee Cleaveland","email":"A7388@alunos.uminho.pt","gender":"Male","regimen":"student","password":"password"},
{"student_id":"A7389","name":"Miltie Nyland","email":"A7389@alunos.uminho.pt","gender":"Male","regimen":"student","password":"password"},
{"student_id":"A7390","name":"Yetta Fryatt","email":"A7390@alunos.uminho.pt","gender":"Female","regimen":"student","password":"password"},
{"student_id":"A7391","name":"Pavel Tollett","email":"A7391@alunos.uminho.pt","gender":"Female","regimen":"student","password":"password"},
{"student_id":"A7392","name":"Celle Powlett","email":"A7392@alunos.uminho.pt","gender":"Male","regimen":"student","password":"password"},
{"student_id":"A7393","name":"Kial Rash","email":"A7393@alunos.uminho.pt","gender":"Female","regimen":"student","password":"password"},
{"student_id":"A7394","name":"Henka Wasson","email":"A7394@alunos.uminho.pt","gender":"Female","regimen":"student","password":"password"},
{"student_id":"A7395","name":"Dennet Barnbrook","email":"A7395@alunos.uminho.pt","gender":"Female","regimen":"student","password":"password"},
{"student_id":"A7396","name":"Lynnell Thulborn","email":"A7396@alunos.uminho.pt","gender":"Female","regimen":"student","password":"password"},
{"student_id":"A7397","name":"Miran Gaynsford","email":"A7397@alunos.uminho.pt","gender":"Female","regimen":"student","password":"password"},
{"student_id":"A7398","name":"Shawn Govinlock","email":"A7398@alunos.uminho.pt","gender":"Male","regimen":"student","password":"password"},
{"student_id":"A7399","name":"Nikolaos Sidsaff","email":"A7399@alunos.uminho.pt","gender":"Female","regimen":"student","password":"password"},
{"student_id":"A7400","name":"Mozes Benton","email":"A7400@alunos.uminho.pt","gender":"Male","regimen":"student","password":"password"},
{"student_id":"A7401","name":"Nichole Hanrott","email":"A7401@alunos.uminho.pt","gender":"Female","regimen":"student","password":"password"},
{"student_id":"A7402","name":"Raffarty Cammish","email":"A7402@alunos.uminho.pt","gender":"Female","regimen":"workerstudent","password":"password"},
{"student_id":"A7403","name":"Gael Barford","email":"A7403@alunos.uminho.pt","gender":"Female","regimen":"student","password":"password"},
{"student_id":"A7404","name":"Ulla Stear","email":"A7404@alunos.uminho.pt","gender":"Male","regimen":"student","password":"password"},
{"student_id":"A7405","name":"Wilbert Gate","email":"A7405@alunos.uminho.pt","gender":"Male","regimen":"workerstudent","password":"password"},
{"student_id":"A7406","name":"Grazia Trelease","email":"A7406@alunos.uminho.pt","gender":"Male","regimen":"student","password":"password"},
{"student_id":"A7407","name":"Vinnie Mancer","email":"A7407@alunos.uminho.pt","gender":"Male","regimen":"student","password":"password"},
{"student_id":"A7408","name":"Steffi Gillio","email":"A7408@alunos.uminho.pt","gender":"Male","regimen":"student","password":"password"},
{"student_id":"A7409","name":"Kenyon O'Kinedy","email":"A7409@alunos.uminho.pt","gender":"Female","regimen":"student","password":"password"},
{"student_id":"A7410","name":"Morly Donaher","email":"A7410@alunos.uminho.pt","gender":"Female","regimen":"student","password":"password"},
{"student_id":"A7411","name":"Tressa Padula","email":"A7411@alunos.uminho.pt","gender":"Female","regimen":"student","password":"password"},
{"student_id":"A7412","name":"Dehlia Hornbuckle","email":"A7412@alunos.uminho.pt","gender":"Male","regimen":"student","password":"password"},
{"student_id":"A7413","name":"Flemming Cancellor","email":"A7413@alunos.uminho.pt","gender":"Male","regimen":"workerstudent","password":"password"},
{"student_id":"A7414","name":"Lori Gallichiccio","email":"A7414@alunos.uminho.pt","gender":"Female","regimen":"student","password":"password"},
{"student_id":"A7415","name":"Carroll Stronge","email":"A7415@alunos.uminho.pt","gender":"Male","regimen":"student","password":"password"},
{"student_id":"A7416","name":"Darrelle Call","email":"A7416@alunos.uminho.pt","gender":"Female","regimen":"student","password":"password"},
{"student_id":"A7417","name":"Ermengarde Tolumello","email":"A7417@alunos.uminho.pt","gender":"Female","regimen":"student","password":"password"},
{"student_id":"A7418","name":"Blondelle Maudett","email":"A7418@alunos.uminho.pt","gender":"Female","regimen":"student","password":"password"},
{"student_id":"A7419","name":"Curr Muskett","email":"A7419@alunos.uminho.pt","gender":"Female","regimen":"student","password":"password"},
{"student_id":"A7420","name":"Farleigh Burthom","email":"A7420@alunos.uminho.pt","gender":"Male","regimen":"student","password":"password"},
{"student_id":"A7421","name":"Courtney Birley","email":"A7421@alunos.uminho.pt","gender":"Female","regimen":"student","password":"password"},
{"student_id":"A7422","name":"Agna Byneth","email":"A7422@alunos.uminho.pt","gender":"Female","regimen":"student","password":"password"},
{"student_id":"A7423","name":"Sergeant Ralling","email":"A7423@alunos.uminho.pt","gender":"Male","regimen":"student","password":"password"},
{"student_id":"A7424","name":"Rachael Deavin","email":"A7424@alunos.uminho.pt","gender":"Male","regimen":"student","password":"password"},
{"student_id":"A7425","name":"Marsiella Jarad","email":"A7425@alunos.uminho.pt","gender":"Male","regimen":"workerstudent","password":"password"},
{"student_id":"A7426","name":"Loni Whittet","email":"A7426@alunos.uminho.pt","gender":"Male","regimen":"student","password":"password"},
{"student_id":"A7427","name":"Hagan Storey","email":"A7427@alunos.uminho.pt","gender":"Male","regimen":"student","password":"password"},
{"student_id":"A7428","name":"Jess Sawnwy","email":"A7428@alunos.uminho.pt","gender":"Male","regimen":"student","password":"password"},
{"student_id":"A7429","name":"Jelene Norsister","email":"A7429@alunos.uminho.pt","gender":"Male","regimen":"student","password":"password"},
{"student_id":"A7430","name":"Hamilton Dowda","email":"A7430@alunos.uminho.pt","gender":"Male","regimen":"student","password":"password"},
{"student_id":"A7431","name":"Raeann Mouncher","email":"A7431@alunos.uminho.pt","gender":"Male","regimen":"student","password":"password"},
{"student_id":"A7432","name":"Beatrix Sooper","email":"A7432@alunos.uminho.pt","gender":"Male","regimen":"student","password":"password"},
{"student_id":"A7433","name":"Allyson Amori","email":"A7433@alunos.uminho.pt","gender":"Male","regimen":"student","password":"password"},
{"student_id":"A7434","name":"Sadye Gerrets","email":"A7434@alunos.uminho.pt","gender":"Male","regimen":"student","password":"password"},
{"student_id":"A7435","name":"Pyotr Lamdin","email":"A7435@alunos.uminho.pt","gender":"Male","regimen":"student","password":"password"},
{"student_id":"A7436","name":"Devan Moutray Read","email":"A7436@alunos.uminho.pt","gender":"Female","regimen":"student","password":"password"},
{"student_id":"A7437","name":"Errick Pelosi","email":"A7437@alunos.uminho.pt","gender":"Male","regimen":"student","password":"password"},
{"student_id":"A7438","name":"Hobart Fort","email":"A7438@alunos.uminho.pt","gender":"Female","regimen":"student","password":"password"},
{"student_id":"A7439","name":"Sylas Cunliffe","email":"A7439@alunos.uminho.pt","gender":"Female","regimen":"student","password":"password"},
{"student_id":"A7440","name":"Gennifer Witcomb","email":"A7440@alunos.uminho.pt","gender":"Male","regimen":"student","password":"password"},
{"student_id":"A7441","name":"Toddie Meale","email":"A7441@alunos.uminho.pt","gender":"Male","regimen":"student","password":"password"},
{"student_id":"A7442","name":"Kimberly Wilfing","email":"A7442@alunos.uminho.pt","gender":"Male","regimen":"student","password":"password"},
{"student_id":"A7443","name":"Wynny Spendley","email":"A7443@alunos.uminho.pt","gender":"Male","regimen":"student","password":"password"},
{"student_id":"A7444","name":"James Saterweyte","email":"A7444@alunos.uminho.pt","gender":"Female","regimen":"student","password":"password"},
{"student_id":"A7445","name":"Perceval Bridgewood","email":"A7445@alunos.uminho.pt","gender":"Female","regimen":"student","password":"password"},
{"student_id":"A7446","name":"Kelley Corah","email":"A7446@alunos.uminho.pt","gender":"Male","regimen":"student","password":"password"},
{"student_id":"A7447","name":"Beverley Piolli","email":"A7447@alunos.uminho.pt","gender":"Male","regimen":"student","password":"password"},
{"student_id":"A7448","name":"Neilla Bodham","email":"A7448@alunos.uminho.pt","gender":"Female","regimen":"student","password":"password"},
{"student_id":"A7449","name":"Gavan Oguz","email":"A7449@alunos.uminho.pt","gender":"Male","regimen":"student","password":"password"},
{"student_id":"A7450","name":"Eben O'Brogane","email":"A7450@alunos.uminho.pt","gender":"Male","regimen":"student","password":"password"},
{"student_id":"A7451","name":"Gwenora Dziwisz","email":"A7451@alunos.uminho.pt","gender":"Male","regimen":"student","password":"password"},
{"student_id":"A7452","name":"Teodoro Benninck","email":"A7452@alunos.uminho.pt","gender":"Female","regimen":"student","password":"password"},
{"student_id":"A7453","name":"Nariko Grinaugh","email":"A7453@alunos.uminho.pt","gender":"Male","regimen":"student","password":"password"},
{"student_id":"A7454","name":"Alf Lally","email":"A7454@alunos.uminho.pt","gender":"Male","regimen":"workerstudent","password":"password"},
{"student_id":"A7455","name":"Laurella Coolahan","email":"A7455@alunos.uminho.pt","gender":"Female","regimen":"student","password":"password"},
{"student_id":"A7456","name":"Osbourn MacCoughen","email":"A7456@alunos.uminho.pt","gender":"Male","regimen":"student","password":"password"},
{"student_id":"A7457","name":"Virgil Kemson","email":"A7457@alunos.uminho.pt","gender":"Female","regimen":"student","password":"password"},
{"student_id":"A7458","name":"Karola Franzetti","email":"A7458@alunos.uminho.pt","gender":"Female","regimen":"student","password":"password"},
{"student_id":"A7459","name":"Velma Petch","email":"A7459@alunos.uminho.pt","gender":"Female","regimen":"student","password":"password"},
{"student_id":"A7460","name":"Mendel Morena","email":"A7460@alunos.uminho.pt","gender":"Male","regimen":"student","password":"password"},
{"student_id":"A7461","name":"Alexandros Jiran","email":"A7461@alunos.uminho.pt","gender":"Male","regimen":"student","password":"password"},
{"student_id":"A7462","name":"Gale Holsall","email":"A7462@alunos.uminho.pt","gender":"Male","regimen":"student","password":"password"},
{"student_id":"A7463","name":"Cornelius McKeney","email":"A7463@alunos.uminho.pt","gender":"Male","regimen":"student","password":"password"},
{"student_id":"A7464","name":"Carey Esh","email":"A7464@alunos.uminho.pt","gender":"Male","regimen":"student","password":"password"},
{"student_id":"A7465","name":"Jeannie Beards","email":"A7465@alunos.uminho.pt","gender":"Female","regimen":"student","password":"password"},
{"student_id":"A7466","name":"Tamarra Duthie","email":"A7466@alunos.uminho.pt","gender":"Female","regimen":"student","password":"password"},
{"student_id":"A7467","name":"Francois McGowan","email":"A7467@alunos.uminho.pt","gender":"Male","regimen":"student","password":"password"},
{"student_id":"A7468","name":"Rodd Grayshan","email":"A7468@alunos.uminho.pt","gender":"Female","regimen":"student","password":"password"},
{"student_id":"A7469","name":"Shawn Cowpertwait","email":"A7469@alunos.uminho.pt","gender":"Female","regimen":"student","password":"password"},
{"student_id":"A7470","name":"Gayleen Huge","email":"A7470@alunos.uminho.pt","gender":"Female","regimen":"student","password":"password"},
{"student_id":"A7471","name":"Gustavo Troup","email":"A7471@alunos.uminho.pt","gender":"Female","regimen":"student","password":"password"},
{"student_id":"A7472","name":"Bent Marns","email":"A7472@alunos.uminho.pt","gender":"Male","regimen":"student","password":"password"},
{"student_id":"A7473","name":"Abbey Barsham","email":"A7473@alunos.uminho.pt","gender":"Female","regimen":"student","password":"password"},
{"student_id":"A7474","name":"Blinnie Ledgard","email":"A7474@alunos.uminho.pt","gender":"Female","regimen":"student","password":"password"},
{"student_id":"A7475","name":"Lauraine Petrolli","email":"A7475@alunos.uminho.pt","gender":"Male","regimen":"student","password":"password"},
{"student_id":"A7476","name":"Kort Domerc","email":"A7476@alunos.uminho.pt","gender":"Male","regimen":"student","password":"password"},
{"student_id":"A7477","name":"Sterne Adne","email":"A7477@alunos.uminho.pt","gender":"Male","regimen":"student","password":"password"},
{"student_id":"A7478","name":"Dewain Burchett","email":"A7478@alunos.uminho.pt","gender":"Male","regimen":"student","password":"password"},
{"student_id":"A7479","name":"Gonzalo Haylands","email":"A7479@alunos.uminho.pt","gender":"Male","regimen":"student","password":"password"},
{"student_id":"A7480","name":"Ursulina Fisk","email":"A7480@alunos.uminho.pt","gender":"Female","regimen":"student","password":"password"},
{"student_id":"A7481","name":"Devonna Gowdie","email":"A7481@alunos.uminho.pt","gender":"Female","regimen":"student","password":"password"},
{"student_id":"A7482","name":"Myranda Hannum","email":"A7482@alunos.uminho.pt","gender":"Female","regimen":"student","password":"password"},
{"student_id":"A7483","name":"Deborah Rabbet","email":"A7483@alunos.uminho.pt","gender":"Female","regimen":"student","password":"password"},
{"student_id":"A7484","name":"Dierdre Clemmen","email":"A7484@alunos.uminho.pt","gender":"Male","regimen":"student","password":"password"},
{"student_id":"A7485","name":"Baron Labitt","email":"A7485@alunos.uminho.pt","gender":"Male","regimen":"student","password":"password"},
{"student_id":"A7486","name":"Hannie Antal","email":"A7486@alunos.uminho.pt","gender":"Male","regimen":"student","password":"password"},
{"student_id":"A7487","name":"Norby Woolvin","email":"A7487@alunos.uminho.pt","gender":"Male","regimen":"student","password":"password"},
{"student_id":"A7488","name":"Mendel Burgane","email":"A7488@alunos.uminho.pt","gender":"Female","regimen":"student","password":"password"},
{"student_id":"A7489","name":"Nadia Devonshire","email":"A7489@alunos.uminho.pt","gender":"Female","regimen":"student","password":"password"},
{"student_id":"A7490","name":"Karl Adolphine","email":"A7490@alunos.uminho.pt","gender":"Female","regimen":"student","password":"password"},
{"student_id":"A7491","name":"Tasia Pendall","email":"A7491@alunos.uminho.pt","gender":"Female","regimen":"student","password":"password"},
{"student_id":"A7492","name":"Dame Yegoshin","email":"A7492@alunos.uminho.pt","gender":"Female","regimen":"student","password":"password"},
{"student_id":"A7493","name":"Adina Avraam","email":"A7493@alunos.uminho.pt","gender":"Male","regimen":"student","password":"password"},
{"student_id":"A7494","name":"Lita I'anson","email":"A7494@alunos.uminho.pt","gender":"Female","regimen":"student","password":"password"},
{"student_id":"A7495","name":"Cad Malarkey","email":"A7495@alunos.uminho.pt","gender":"Male","regimen":"student","password":"password"},
{"student_id":"A7496","name":"Barney Crockatt","email":"A7496@alunos.uminho.pt","gender":"Female","regimen":"student","password":"password"},
{"student_id":"A7497","name":"Bradan Norledge","email":"A7497@alunos.uminho.pt","gender":"Female","regimen":"student","password":"password"},
{"student_id":"A7498","name":"Jacky Aberchirder","email":"A7498@alunos.uminho.pt","gender":"Female","regimen":"student","password":"password"},
{"student_id":"A7499","name":"Shena Kempstone","email":"A7499@alunos.uminho.pt","gender":"Male","regimen":"student","password":"password"},
{"student_id":"A7500","name":"Holden Scotchmur","email":"A7500@alunos.uminho.pt","gender":"Female","regimen":"student","password":"password"}]